name;answer
1337;1
1st;1
224548766;1
3rdshkkk;1
413x;1
4upakabrus;1
555;1
5hipy4rd;1
6655321;1
abdul;1
absolutely;1
ace;1
adanedel93;1
adham;1
adm1ral;1
admiral;1
adniry;22
agurets;1
ahmad;1
ahmed;1
akhmed;1
akin;1
alabai;1
alaksiej;31
albedo;1
aleks;31
aleksandr;2
aleksandr;2
aleksey;31
aleksey;31
aleksey;31
alena;68
alena;68
alevtina;1
alex;31
alex;31
alex;31
alex;31
alex;31
alex;31
alex;31
alex;31
alex;31
alex;31
alex;31
alex;31
alex;31
alex;31
alex;31
alex;31
alex;31
alex;31
alex;31
alex;31
alex;31
alex;31
alex;31
alex;31
alex;31
alexander;2
alexander;2
alexander;2
alexander;2
alexander;2
alexander;2
alexander;2
alexander;2
alexander;2
alexander;2
alexander;2
alexander;2
alexander;2
alexandr;2
alexandr;2
alexandr;2
alexandr;2
alexandr;2
alexandr;2
alexandr;2
alexandr;2
alexandra;17
alexeo;31
alexey;31
alexey;31
alexey;31
alexey;31
alexey;31
alexey;31
alexey;31
alexey;31
alexey;31
alexey;31
alexey;31
alexey;31
alexsandr;2
ali;1
alien;1
alik;1
alina;55
alina;55
alina;55
alinus;1
alisa;12
alisa;12
alisa;12
alisamustdie;1
allerschlimmste;1
altair;1
alterdemon;1
alya;55
alyaska;1
alyona;68
amaretto;1
anastasia;13
anastasia;13
anastasia;13
anastasia;13
anastasia;13
anastasia;13
anastasia;13
anastasiia;13
anastasiia;13
anastasiya;13
anatolii;48
anatolii;48
anatoliy;48
anatoliy;48
anatoly;48
anchous;1
andre;22
andrei;22
andrei;22
andrew;22
andrew;22
andrew;22
andrew;22
andrew;22
andrew;22
andrew;22
andrew;22
andrew;22
andrew;22
andrew;22
andrew;22
andrew;22
andrew;22
andrey;22
andrey;22
andrey;22
andrey;22
andrey;22
andrey;22
andrey;22
andrey;22
andrey;22
andrii;22
andrii;22
andrii;22
andrii;22
andrii;22
andrii;22
andriy;22
andrzej;22
ane4ka;8
anekit;1
anfisa;1
ania;8
aniko;1
anita;1
ann;8
ann;8
ann;8
ann;8
ann;8
anna;8
anna;8
anna;8
anna;8
anna;8
anna;8
anna;8
anna;8
anna;8
anna;8
anna;8
anna;8
annn;8
annа;8
anthony;39
anton;39
anton;39
anton;39
anton;39
anton;39
anton;39
anton;39
anton;39
anton;39
anton;39
anton;39
anton;39
antonina;69
antos;1
antropophagus;1
antuan;1
apasnyy;1
arch;1
archie;1
aref;1
ari;1
arkadiy;94
arseniy;88
artem;7
artem;7
artem;7
artem;7
artem;7
artem;7
artem;7
artem;7
artem;7
artem;7
artem;7
artem;7
artem;7
artem;7
artem;7
artem;7
artem;7
artem;7
artem;7
artemis;7
arthur;56
arthur;56
arthur;56
arthur;56
artur;56
artеm;7
asan4ik;1
ashot;1
asmodey;1
astralromance;1
athenskij;1
augusto;1
avellino;1
azik;1
aлександр;2
aлєся;1
babe;1
backyard;1
bae;1
baffmen;1
balto;1
balyakin;1
behold;1
belakof;1
belka;1
bell;1
bepersh;1
bichmaster;1
big;1
bigdin;1
bingbong;1
bobermod;1
bog;1
bogdan;70
bogdan;70
bogdan;70
bogdan;70
bogdan;70
bogdan;70
bohdan;70
bohdan;70
bohdan;70
bohdan;70
bohdan;70
bohdan;70
bohdan;70
bohdan;70
boris;41
bork;1
boruta;1
bota;1
botirbek;1
briket;1
bruce;1
bruce;1
btcn;1
buran;1
bycoelacanth;1
c8twang;1
castle;1
cat;1
charlie;1
cheezie;1
chefe;1
chertovva;1
cheshulko;1
chevalier;1
chikibomboni;1
cmksv;1
cow;1
crash;1
dambo;1
damir;1
dan;51
dana;95
dana;95
dani;9
dania;9
daniel;9
daniel;9
daniel;9
daniel;9
daniel95;9
daniil;9
daniil;9
daniil;9
daniil;9
daniil;9
daniil;9
daniil;9
danil;9
danil;9
danil;9
danil;9
danil;9
danila;9
danilo;9
danilsay;1
dante;1
danya;9
danya;9
daria;18
daria;18
daria;18
daria;18
daria;18
darina;18
dark;1
darknovus;1
darko;1
dasha;18
dasha;18
dasha;18
david;57
david;57
de1row;1
deadly;1
deaf;1
death;1
deep;1
delay;1
demian;1
den;51
den;51
denis;51
denis;51
denis;51
denis;51
denis;51
denis;51
denis;51
denis;51
denis;51
denys;51
denys;51
denys;51
denys;51
denys;51
denys;51
deputy;1
derp;1
destno;1
deswer23;1
dextromethorphan;1
diana;71
diana;71
diana;71
dikaheda;1
dikobrazzers;1
dima;14
dima;14
dima;14
dima;14
dima;14
dima;14
dima;14
dimchik;14
dimon;14
disney;1
djsymbiothic;1
dmitrii;14
dmitriy;14
dmitriy;14
dmitriy;14
dmitriy;14
dmitriy;14
dmitriy;14
dmitriy;14
dmitriy;14
dmitro;14
dmitry;14
dmitry;14
dmitry;14
dmitry;14
dmitry;14
dmitry;14
dmitry;14
dmitry;14
dmitry;14
dmitry;14
dmitry;14
dmytro;14
dmytro;14
dndrhead;1
dnrvv;1
dobro;1
dobryi;1
dominik;1
dora;1
dormouse;1
drapamyr;1
dregas;1
dvayne;1
dzhaks;1
e978;1
egor;25
egor;25
egor;25
egor;25
egor;25
egor;25
egor;25
ehidnaya;1
ekaterina;19
eldar;1
elena;52
eliza;16
elizabeth;16
eloon;1
elvira;1
emil;1
emperor;1
empty;1
end;1
erica;1
ernst;1
eugene;36
eugene;36
eugene;36
eugene;36
eugene;36
eugene;36
eugene;36
eugene;36
evan;1
eve;1
evg;1
evgeniy;36
evgeniy;36
faka;1
false;1
farbod;1
fatty;1
favorski;1
figurka;1
filip;1
firstname;1
fleuri;1
fli;1
flowermute;1
fluffi;1
free;1
friday;1
frittyxt;1
fuck;1
galya;72
genchik;1
genie;1
georg;45
george;45
george;45
georgiy;45
georgy;45
gershik;1
gleb;58
gleb;58
gleb;58
gleb;58
gleb;58
gleb;58
god;1
goshandreev;1
gradeofsilence;1
green;1
gregory;59
grigory;59
grisha;59
grisza;59
haktoray;1
halyna;72
halyna;72
han;1
handsome;1
hard;1
hav4ik;1
hbt;1
herodotus;1
him;1
hohmach;1
hollo;1
homyakovski;1
honey;1
horse;1
hwan;1
iamtimur;1
icebreaker;1
icid;1
idk;1
iew3uty;1
igor;44
igor;44
igor;44
igor;44
igor;44
igor;44
igor;44
igor;44
igor;44
igor;44
igor;44
ihor;44
ihor;44
ihor;44
ihor;44
ihor;44
illia;64
illia;64
illia;64
illya;64
ilona;73
ilona;73
ilya;64
ilya;64
ilya;64
ilya;64
ilya;64
ilya;64
ilya;64
ilya;64
ilya;64
ilysha;64
inane;1
incognito;1
informator;1
ingusik;1
inna;74
innokenty;1
intusvacuum;1
inzmcv;1
ira;50
ira;50
irene;50
irene;50
irina;50
ironrosh;1
ivaaaan;10
ivan;10
ivan;10
ivan;10
ivan;10
ivan;10
ivan;10
ivan;10
ivan;10
ivan;10
ivan;10
ivan;10
ivan;10
ivan;10
ivan;10
ivan;10
ivanna;75
ivanna;75
ivenish;1
iwan;10
james;1
jane;1
jarik;49
jasur;1
jauhien;1
javla;1
jay;1
jean;1
jenya;36
jevgeni;36
jewgeni;36
jimmy;1
johann;1
john;1
john;1
john;1
johnny;1
jongho;1
jonty;1
julia;60
julia;60
juliet;1
julija;60
juls;1
junkie;1
just;1
kadir;1
kanye;1
karina;53
karina;53
karina;53
karina;53
kartavaya;1
kate;19
kate;19
kate;19
kateryna;19
katherine;19
katoon;1
katya;19
katya;19
katya;19
kay;1
keepitintothesecret;1
keransa;1
keril;20
keyreal;1
khlivitskyi;1
kinjin;1
kira;1
kiril;20
kirill;20
kirill;20
kirill;20
kirill;20
kirill;20
kirill;20
kirill;20
kirill;20
kirill;20
kjfkd;1
kkbopwar;1
kkkk;1
klukva;1
konata;1
konstantin;40
konstantin;40
konstantin;40
konstantin;40
koorraz;1
korzh;1
kosmos;1
kostia;40
kostia;40
kostiantyn;40
kostya;40
kostya;40
kostya;40
kostya;40
kot;1
krakadila;1
kristi;1
kristian;1
kristy;91
kristyna;91
ksenia;21
ksenia;21
ksusha;21
kuper;1
ky8alda;1
kyralezoff;1
kyrylo;20
kирило;20
lada;1
ladno;1
lana;96
lana;96
lana;96
lana;96
lannnde;1
larchenko;1
larry;1
lebed;1
leila;1
lena;52
lendzi;1
leo;1
leoff;1
leonid;61
leonid;61
lera;76
lera;76
lera;76
lera;76
lex;1
lidia;97
lil;1
lil;1
lilia;98
lina;1
lisha;1
lisss4x;1
liudmyla;99
liya;1
liz;16
liza;16
liza;16
liza;16
liza;16
lizabeth;16
lizon;16
llgdd;1
lorem;1
lost;1
lost;1
losya;1
lydia;97
lyubomyr;1
makha;1
maks;5
maks;5
maks;5
maksim;5
maksym;5
maksym;5
maksym;5
maksym;5
malky;1
manny;1
mapycuna;1
margo;100
mari;4
maria;4
maria;4
maria;4
maria;4
marianna;4
mariia;4
mariia;4
marina;4
mark;26
mark;26
mark;26
mark;26
marko;26
marko;26
marta;101
marusya;1
mary;4
mary;4
mary;4
masha;4
matthew;1
max;5
max;5
max;5
max;5
max;5
max;5
max;5
max;5
max;5
max;5
max;5
max;5
max;5
max;5
max;5
max;5
max;5
maxim;5
maxim;5
maxim;5
maxim;5
maxym;5
mazik;1
maх;5
mbah;1
mcres;1
mehdead;1
memsom;1
mera;1
michael;6
michael;6
michael;6
michael;6
mikhail;6
mikhail;6
mil;1
mimstek;1
minyunsoo;1
mirkael;1
misha;6
misha;6
misha;6
misha;6
mishail;6
mishanya;6
mishel;1
miss;1
mollypop;1
montgomery;1
montivagant;1
moonari;1
morituri;1
mur;1
mutniy;1
mykhailo;6
mykhay;6
mykola;66
mykola;66
mykyta;30
myself;1
nadia;102
name;1
nastas;1
nastella;1
nastia;13
nastia;13
nastia;13
nastua;13
nastya;13
nastya;13
nastya;13
nastya;13
nastya;13
nastya;13
nata;65
natalia;65
nataliia;65
nataliia;65
nataliia;65
natasha;65
nathan;1
naturalnonsense;1
naya;1
nazar;77
nazar;77
nazar;77
nazarchik;77
nazariy;77
nazariy;77
nazariy;77
nega;1
negative;1
nek;1
nestea;1
netvoynarkotik;1
nex;1
nick;30
nick;30
nightingale;1
nik;30
nik;30
nik;30
niki;30
nikita;30
nikita;30
nikita;30
nikita;30
nikita;30
nikita;30
nikita;30
nikita;30
nikitka;30
nikitusyan;1
nikolai;66
nikolay;66
nikolay;66
nikon;1
ninja;1
nitron;1
niсk;30
nmlss;1
nojam;1
nonamefreekman;1
normal;1
nou;1
nray;1
nstku;1
obychnyi;1
odyssey;1
ogeealllo;1
okami;1
oleg;67
oleg;67
oleg;67
oleg;67
oleg;67
oleg;67
oleg;67
oleg;67
oleg;67
oleg;67
oleg;67
oleh;67
oleh;67
oleh;67
olek;67
oleksandr;2
oleksandr;2
oleksandr;2
oleksandr;2
oleksandr;2
oleksandr;2
oleksandr;2
oleksandr;2
oleksandr;2
oleksandr;2
oleksii;31
oleksii;31
olexandr;2
olexii;31
olexiy;31
oleyka2ap;1
olganova;1
olgiver;1
olha;62
olha;62
olha;62
olha;62
olpose;1
olya;62
olya;62
olya;62
oops;1
orange;1
orest;1
orohek;1
orvech;1
pablo;1
panda;1
parabellum;1
park;1
partick;1
parzival;1
pasha;54
pasha;54
pashka;54
pasquale;1
patso;1
paul;54
paul;54
paul;54
pavel;54
pavel;54
pavel;54
pavlo;54
pelageya;1
perry;1
petel;1
peter;78
peter;78
petro;78
petya;78
peys;1
phil;1
pmw;1
pobeda;1
pohaban;1
pokusaka;1
polina;15
polina;15
poltna;1
pontyff;1
princess;1
prooffie;1
prysiazhniuk;1
psychopathy;1
puff;1
punish;1
pure;1
pylyp;1
q84;1
qwaer;1
rabochiy;1
rak;1
raux;1
refl3x;1
reni;1
revolman;1
rick;1
rina;1
ririmo;1
rn74kh;1
rock;1
roma;29
roma;29
roma;29
roman;29
roman;29
roman;29
roman;29
roman;29
roman;29
roman;29
roman;29
roman;29
roman;29
roman;29
roman;29
roman;29
roman;29
roman;29
roman;29
roman;29
roman;29
roman;29
romanovna;1
rostik;42
rostik;42
rostik;42
rostislav;42
rostislav;42
rostyslaw;42
roy;1
rubillex;1
rudolf;1
rui;1
ruslan;79
ruslan;79
ruslan;79
rust;1
rustin;1
ryta;1
sadboy;1
safonchik;1
sagowara;1
sam;1
samurai;1
sannichi;1
sanya;2
sanya;2
sanyо4ek;2
sasha;2
sasha;2
sasha;2
sasha;2
sasha;2
sasha;2
sasha;2
sasha;2
sasha;2
sasha;2
sasha;2
sasha;2
sashenka;2
sashka;2
savinh;1
schvach;1
scruffy;1
sebas;1
sehii;1
sektantka;1
self;1
senior;1
ser;1
serge;38
sergey;38
sergey;38
sergey;38
sergey;38
sergey;38
sergey;38
sergey;38
sergey;38
sergey;38
sergey;38
sergey;38
sergey;38
serhii;38
serhii;38
serhiy;38
serxio;1
sevbitova;1
sewa;80
shamil;1
sher;1
shine;1
shotakoe;1
shpilka;1
shrralis;1
shurotchka;1
sid;1
sim;1
simonenko;1
simple;1
sir;1
sir;1
sirdr;1
skel;1
skr;1
skytours;1
sladkiy;1
slav;43
slavik;43
sloth;1
smartman;1
smokovich;1
snakelord;1
soda;1
sofia;3
sofia;3
sofia;3
sofiia;3
sofochka;3
solas;1
some1;1
someone;1
somerand;1
son;1
sonia;3
sonya;3
sonyanx;3
sophia;3
sophie;3
sosa;1
sovann;1
sparky;1
spok;1
squik;1
sriblomusic;1
stanis;1
stanislav;46
stanislav;46
stanislav;46
stanislav;46
starykh;1
stas;46
stas;46
stas;46
stasiamba;46
stay;1
stay;1
stepan;81
stesagor;1
steve;1
stewie;1
stranger;1
strokach;1
sulaymanov;1
sunlight;1
suren;1
sveta;82
sveta;82
svetlana;82
sviatoslav;46
svshv;1
sweazy;1
syleront;1
takizawa;1
talalaev;1
tamerlan;1
tania;83
tanya;83
tanya;83
tanya;83
tapo4ka;1
taras;63
taras;63
taras;63
tartuffe;1
taruk;1
tasso;1
tatiana;83
tatyana;83
telegram;1
tema;7
teнeвoи;1
thebreathdeath;1
thomas;1
tim;27
tima;27
timan;27
timoshcka;27
timur;27
todd;1
tol;1
tolik;48
tom;1
tony;1
tony;1
tony;1
tori;1
tosha;39
tot;1
trachuk;1
trokhym;1
trxsh;1
tumi;1
twigtwiggie;1
tymoshenko;1
tyoma;7
uladzislau;1
uther;1
vabka;1
vadim;84
vadim;84
vadim;84
vadim;84
vadim;84
vadim;84
vadosssss;1
vais;1
valera;85
valeria;76
valeriia;76
valeriy;85
valeriya;76
valman;1
van;1
vanya;10
vanya;10
vasiliy;89
vasiliy;89
veleslav;1
veniamin;1
vento;1
ventris;1
venya;1
veronika;28
veronika;28
versa;1
viacheslav;43
vibrantly;1
victor;37
victor;37
victor;37
victoria;11
victoria;11
victoria;11
viking;1
viktor;37
viktor;37
viktoria;11
viktoria;11
viola;103
violetta;103
vitalii;47
vitalii;47
vitalii;47
vitalik;47
vitalina;1
vitaliy;47
vitaliy;47
vitaliy;47
vitaliy;47
vitaliy;47
vitaliy;47
vitaliy;47
vitaliy;47
vitaly;47
vitaly;47
vlad;34
vlad;34
vlad;34
vlad;34
vlad;34
vlad;34
vlad;34
vlad;34
vlad;34
vlad;34
vlad;34
vlad;34
vlad;34
vlad;34
vlad;34
vlad;34
vlad;34
vlad;34
vlad;34
vlad;34
vlad;34
vlada;35
vladik;34
vladimir;33
vladimir;33
vladimir;33
vladimir;33
vladimirskiy;1
vladislav;34
vladislav;34
vladislav;34
vladislav;34
vladislav;34
vladislav;34
vladislav;34
vladislav;34
vlados;34
vladuslav;34
vladyslav;34
vladyslav;34
vladyslav;34
vladіslаv;34
vleeeeed;1
voffka;33
volodimir;33
volodymyr;33
volodymyr;33
voron;1
vova;33
vova;33
vyacheslav;43
vоva;33
white;1
why;1
wolf;1
woyley;1
wsewolod;80
xczmlll;1
xokup;1
xxmk641w641dt3hzmxlp;1
yama;1
yan;86
yan;86
yan;86
yana;104
yana;104
yarchik;1
yarchuk;1
yarik;49
yarik;49
yarik;49
yaroslav;49
yaroslav;49
yaroslav;49
yaroslav;49
yaroslava;87
yaroslava;87
yasya;1
yegor;25
yegor;25
yehor;25
yehor;25
yehor;25
yelyzaveta;16
yevhen;36
yevhenii;36
yevhenii;36
ysamtme;1
yuki;1
yulia;60
yulia;60
yulia;60
yuliia;60
yuliia;60
yura;45
yura;45
yura;45
yurii;45
yuriy;45
yuriy;45
yuriy;45
yuriy;45
yury;45
yury;45
yushimitso;1
zachary;1
zak;1
zer;1
zexy;1
zhenia;36
zhenya;36
zhevzhenii;1
zloytalib;1
аlena;68
авин;1
админ;1
адриан;1
аигуль;1
александр;2
александр;2
александр;2
александр;2
александр;2
александр;2
александр;2
александр;2
александр;2
александр;2
александр;2
александра;17
алексеи;31
алексеи;31
алексеи;31
алексеи;31
алексеи;31
алексеи;31
алексеи;31
алексеи;31
алексеи;31
алексеи;31
алехо;1
алло;1
альоша;31
алюся;1
амadey;1
анастасия;13
анастасия;13
анастасия;13
анатолии;48
андреи;22
андреи;22
андреи;22
андреи;22
андреи;22
андреи;22
андреи;22
андреи;22
андреи;22
андреи;22
андреи;22
андріи;22
андріи;22
аниса;1
анна;8
анна;8
антидепрессант;1
антон;39
антон;39
анюта;8
аня;8
аня;8
аня;8
аня;8
арсении;88
артем;7
артем;7
артем;7
артем;7
артем;7
артур;56
бадри;1
бджилка;1
белыи;1
боб;1
бобр;1
богдан;70
богдан;70
богдан;70
богдан;70
богдан;70
бодя;70
бодян;70
борис;41
борис;41
борис;41
бох;1
братишка;1
бубник;1
вадим;84
валентина;1
валера;85
ваня;10
василии;89
веля;1
вера;28
верховныи;1
весь;1
виктор;37
виктор;37
виктор;37
виктория;11
виолетта;103
виталии;47
виталии;47
виталии;47
виталик;47
виталик;47
виталик;47
витек;37
віктор;37
вітрянии;1
вкусная;1
влад;34
влад;34
влад;34
влад;34
влад;34
влад;34
влад;34
влад;34
влад;34
владек;34
владимир;33
владислав;34
владислав;34
владислав;34
владислав;34
владислав;34
владсук;1
влодос;34
вова;33
вова;33
воображаемыи;1
вячеслав;43
гавриил;1
галтран;1
гельзенкирхен;1
генчик;1
герман;90
герман;90
герман;90
герочка;1
глiб;58
главныи;1
глебас;58
гліб;58
гном;1
головнии;1
голодная;1
горелая;1
греб;58
гриша;59
гриша;59
гуляев;1
густав;1
дана;95
дана;95
данил;9
данил;9
данил;9
данон;1
даня;9
даренка;1
дарина;18
дарина;18
дарынка;18
дарья;18
дарья;18
дарья;18
дарья;18
даяна;1
декадент;1
демо;1
денис;51
денис;51
денис;51
денис;51
денис;51
денис;51
денис;51
дениска;51
джихадист;1
дзмітрыи;1
диана;71
дима;14
дима;14
дима;14
динара;1
дионис;1
дипкик;1
діду;1
діма;14
діма;14
дмитрии;14
дмитрии;14
дмитрии;14
дмитрии;14
дмитрии;14
дмитрии;14
дмитрии;14
дмитрии;14
дмитрии;14
дмитрии;14
дмитро;14
долбик;1
доша;1
дрюня;1
дядя;1
дядя;1
еugenumber;1
евгении;36
евгении;36
евгении;36
евгении;36
евхении;36
егор;25
егор;25
екатерина;19
екатерина;19
елена;52
емельянова;1
жан;1
жека;36
женюра;36
женя;36
женя;36
женя;36
женя;36
женя;36
женя;36
жери;1
заиник;1
зая;1
землянин;1
зенитка;1
змитер;1
зоенька;1
иван;10
иван;10
иван;10
игорек;44
игорь;44
игорь;44
игорь;44
игорь;44
игорь;44
игорь;44
игорь;44
илона;73
ильич;1
илькин;1
илья;64
илья;64
илья;64
илья;64
илья;64
илюша;64
илюша;64
имя;1
ира;50
ифань;1
ібат;1
іван;10
ігор;44
ілюха;64
інкогніто;1
іра;50
ірляндія;1
кatie;1
кoлумбия;1
кажан;1
камаз;1
карина;53
каринка;53
катамарана;1
катенька;19
катеслава;19
катюша;19
катюша;19
катя;19
катя;19
катя;19
катя;19
квіту4а;1
кибер;1
кила;1
кипарис;1
кирилл;20
кирилл;20
кирилооо;20
кисель;1
кислыи;1
когнитивное;1
колхозник;1
коля;66
константин;39
константин;39
корпускулярныи;1
костя;40
костя;40
кот;1
кот;1
котеика;1
котик;1
котэ;1
котэ;1
котян;1
коуди;1
кохании;1
криптобуддист;1
кристина;91
кристина;91
круглыи;1
ксенич;1
ксеня;21
ксюта;1
ксюха;21
ксюш;21
ксюша;21
кука;1
лавровишня;1
ларочка;1
леви;1
леди;1
лена;52
ленка;52
ленка;52
ленца;1
лень;1
леонидовна;1
лера;76
лера;76
лера;76
лерка;76
лиза;16
ликси;1
лізонька;16
лох;1
лучка;1
лыхнвыы;1
лягушка;1
маикл;1
макс;5
макс;5
макс;5
макс;5
макс;5
макс;5
максим;5
максим;5
максим;5
максим;5
максим;5
максим;5
максим;5
максим;5
максим;5
максим;5
максим;5
максим;5
максим;5
максим;5
максим;5
максим;5
максимерне;1
малахова;1
маня;1
маргарита;100
мари;4
марик;1
марина;4
марина;4
маринка;4
мария;4
марія;4
марфа;1
матвеи;23
матроскин;1
маша;4
маша;4
маша;4
машенька;4
медуза;1
меля;1
менца;1
мережа;1
метамихаил;1
мизерныи;1
микки;1
миксер;1
мирастад;1
мирослав;92
мирослава;92
мистер;1
митя;1
михail;6
михаил;6
михаил;6
михаил;6
михаил;6
михаило;6
михамас;1
миша;6
миша;6
миша;6
миша;6
мишган;1
мишон;6
міша;6
ммм;1
морт;1
моряк;1
мошка;1
мусорныи;1
мэри;1
мяу;1
н88;1
назар;77
насок;1
настасья;13
настя;13
настя;13
настя;13
настя;13
нат;65
натали;65
наталья;65
наташа;65
невидимка;1
нет;1
ник;30
ника;28
никак;1
никита;30
никита;30
никита;30
никита;30
никита;30
никита;30
никита;30
никита;30
никита;30
никита;30
никита;30
никита;30
николаи;66
николаи;66
николаи;66
николаи;66
николаи;66
николь;1
никуха;1
ніі;1
нокарукута;1
овсянка;1
огненная;1
оксана;21
олег;67
олег;67
олег;67
олегсеи;31
олежа;67
олежан;67
олександр;2
олександр;2
олександр;2
олександр;2
освальд;1
павел;54
павел;54
павел;54
павло;54
паша;54
пенечки;1
пепа;1
пепег;1
персик;1
персичкин;1
пес;1
петр;78
петр;78
петр;78
печатает;1
пингвин;1
пипита;1
плитак;1
подгорная;1
подсовнух;1
полина;15
полина;15
политическии;1
полюшка;1
посошок;1
пошлыи;1
президент;1
привет;1
просто;1
просто;1
просто;1
просто;1
профессор;1
птичка;1
публии;1
пьющии;1
радужныи;1
режим;1
рената;1
рика;1
рита;93
рита;93
рихтер;1
родион;105
родион;105
рома;29
роман;29
роман;29
роман;29
роман;29
ромчик;29
румын;1
руслан;79
рыбниц;1
сало;1
саня;2
саня;2
саня;2
саня;2
саша;2
саша;2
саша;2
саша;2
саша;2
сашенька;2
сашка;2
светольда;1
світлана;82
серая;1
сергеи;38
сергеи;38
сергеи;38
сергеи;38
сергеи;38
сергеи;38
сергеи;38
сергеи;38
сергеи;38
сергеи;38
сергеи;38
сергіи;38
серега;38
сережа;38
сигаритка;1
сімпер;1
слава;49
слава;49
славік;49
сладкии;1
снуппи;1
соля;1
сонни;1
соня;3
соня;3
софія;3
софія;3
средняя;1
стас;46
суіциднии;1
супер;1
съеърежа;1
сын;1
сын;1
сыч;1
таиныикраб;1
талалала;1
танюша;83
таня;83
татьяна;83
твои;1
твои;1
теххи;1
тигран;1
тимофеи;27
тоша;39
третья;1
трехколесныи;1
тяф;1
удаленныи;1
ульяна;1
уставшии;1
утки;1
фошызд;1
хитрыи;1
хокаге;1
хрялк;1
ххх;1
хэндегомур;1
чачка;1
чеб;1
черныи;1
чудовищная;1
чух;1
шаитан;1
шашулик;1
шифруется;1
штиль;1
эар;1
эдуард;1
элаиджа;1
эльвин;1
эльтон;1
эникиев;1
эскапизм;1
юзверь;1
юлия;60
юлия;60
юля;60
юля;60
юра;45
юрии;45
юрии;45
яна;104
янык;1
ярослав;49
ярослав;49
ярослав;49
ярослав;49
ярослав;49
ярослав;49
ясос;1
